Year,Country,Happiness Rank,Happiness Score,Freedom,Generosity,Social support,Economy_GDP_per_Capita,Trust_Government_Corruption,Health_Life_Expectancy
2015,Switzerland,1.0,7.587,0.66557,0.29678,1.34951,1.39651,0.41978,0.94143
2015,Iceland,2.0,7.561,0.62877,0.4363,1.40223,1.30232,0.14145,0.94784
2015,Denmark,3.0,7.527,0.64938,0.34139,1.36058,1.32548,0.48357,0.87464
2015,Norway,4.0,7.522,0.66973,0.34699,1.33095,1.459,0.36503,0.88521
2015,Canada,5.0,7.427,0.63297,0.45811,1.32261,1.32629,0.32957,0.90563
2015,Finland,6.0,7.406,0.64169,0.23351,1.31826,1.29025,0.41372,0.88911
2015,Netherlands,7.0,7.378,0.61576,0.4761,1.28017,1.32944,0.31814,0.89284
2015,Sweden,8.0,7.364,0.6598,0.36262,1.28907,1.33171,0.43844,0.91087
2015,New Zealand,9.0,7.286,0.63938,0.47501,1.31967,1.25018,0.42922,0.90837
2015,Australia,10.0,7.284,0.65124,0.43562,1.30923,1.33358,0.35637,0.93156
2015,Israel,11.0,7.278,0.41319,0.33172,1.22393,1.22857,0.07785,0.91387
2015,Costa Rica,12.0,7.226,0.63376,0.25497,1.23788,0.95578,0.10583,0.86027
2015,Austria,13.0,7.2,0.62433,0.33088,1.29704,1.33723,0.18676,0.89042
2015,Mexico,14.0,7.187,0.48181,0.14074,0.91451,1.02054,0.21312,0.81444
2015,United States,15.0,7.119,0.54604,0.40105,1.24711,1.39451,0.1589,0.86179
2015,Brazil,16.0,6.983,0.49049,0.14574,1.23287,0.98124,0.17521,0.69702
2015,Luxembourg,17.0,6.946,0.61583,0.28034,1.21963,1.56391,0.37798,0.91894
2015,Ireland,18.0,6.94,0.61777,0.45901,1.36948,1.33596,0.28703,0.89533
2015,Belgium,19.0,6.937,0.5845,0.2225,1.28566,1.30782,0.2254,0.89667
2015,United Arab Emirates,20.0,6.901,0.64157,0.26428,1.12575,1.42727,0.38583,0.80925
2015,United Kingdom,21.0,6.867,0.59625,0.51912,1.28548,1.26637,0.32067,0.90943
2015,Oman,22.0,6.853,0.63274,0.21542,1.08182,1.36011,0.32524,0.76276
2015,Venezuela,23.0,6.81,0.42908,0.05841,1.25596,1.04424,0.11069,0.72052
2015,Singapore,24.0,6.798,0.54252,0.31105,1.02,1.52186,0.4921,1.02525
2015,Panama,25.0,6.786,0.5421,0.24434,1.1985,1.06353,0.0927,0.79661
2015,Germany,26.0,6.75,0.61477,0.28214,1.29937,1.32792,0.21843,0.89186
2015,Chile,27.0,6.67,0.44132,0.33363,1.12447,1.10715,0.12869,0.85857
2015,Qatar,28.0,6.611,0.6404,0.32573,1.0786,1.69042,0.52208,0.79733
2015,France,29.0,6.575,0.55011,0.12332,1.26038,1.27778,0.20646,0.94579
2015,Argentina,30.0,6.574,0.44974,0.11451,1.24823,1.05351,0.08484,0.78723
2015,Czech Republic,31.0,6.505,0.46364,0.10686,1.20643,1.17898,0.02652,0.84483
2015,Uruguay,32.0,6.485,0.60362,0.2324,1.2089,1.06166,0.24558,0.8116
2015,Colombia,33.0,6.477,0.53466,0.18401,1.24018,0.91861,0.0512,0.69077
2015,Thailand,34.0,6.455,0.55664,0.5763,1.26504,0.9669,0.03187,0.7385
2015,Saudi Arabia,35.0,6.411,0.31048,0.13706,1.08393,1.39541,0.32524,0.72025
2015,Spain,36.0,6.329,0.45951,0.18227,1.31379,1.23011,0.06398,0.95562
2015,Malta,37.0,6.302,0.60365,0.51752,1.30203,1.2074,0.13586,0.88721
2015,Taiwan,38.0,6.298,0.3974,0.25376,1.07617,1.29098,0.08129,0.8753
2015,Kuwait,39.0,6.295,0.55499,0.16228,1.16594,1.55422,0.25609,0.72492
2015,Suriname,40.0,6.269,0.59657,0.16991,0.972,0.99534,0.13633,0.6082
2015,Trinidad and Tobago,41.0,6.168,0.55884,0.31844,1.18354,1.21183,0.0114,0.61483
2015,El Salvador,42.0,6.13,0.4035,0.10692,1.02507,0.76454,0.11776,0.67737
2015,Guatemala,43.0,6.123,0.57733,0.27489,1.04356,0.74553,0.09472,0.64425
2015,Uzbekistan,44.0,6.003,0.65821,0.22837,1.34043,0.63244,0.30826,0.59772
2015,Slovakia,45.0,5.995,0.31751,0.16893,1.26999,1.16891,0.03431,0.78902
2015,Japan,46.0,5.987,0.49615,0.10705,1.25712,1.27074,0.1806,0.99111
2015,South Korea,47.0,5.984,0.33208,0.18557,0.95774,1.24461,0.07857,0.96538
2015,Ecuador,48.0,5.975,0.48574,0.11541,0.99903,0.86402,0.1809,0.79075
2015,Bahrain,49.0,5.96,0.45492,0.17362,1.21624,1.32376,0.306,0.74716
2015,Italy,50.0,5.948,0.26236,0.22823,1.19777,1.25114,0.02901,0.95446
2015,Bolivia,51.0,5.89,0.57414,0.20536,0.97841,0.68133,0.088,0.5392
2015,Moldova,52.0,5.889,0.32818,0.20951,1.01528,0.59448,0.01615,0.61826
2015,Paraguay,53.0,5.878,0.53899,0.3424,1.30477,0.75985,0.08242,0.66098
2015,Kazakhstan,54.0,5.855,0.51649,0.11827,1.12241,1.12254,0.08454,0.64368
2015,Slovenia,55.0,5.848,0.60855,0.25328,1.27385,1.18498,0.03787,0.87337
2015,Lithuania,56.0,5.833,0.21342,0.02641,1.25745,1.14723,0.01031,0.73128
2015,Nicaragua,57.0,5.828,0.55475,0.27815,1.14184,0.59325,0.19317,0.74314
2015,Peru,58.0,5.824,0.41496,0.14982,0.97459,0.90019,0.05989,0.73017
2015,Belarus,59.0,5.813,0.37938,0.11046,1.23289,1.03192,0.1909,0.73608
2015,Poland,60.0,5.791,0.53122,0.16759,1.27948,1.12555,0.04212,0.77903
2015,Malaysia,61.0,5.77,0.53024,0.33075,1.07023,1.12486,0.10501,0.72394
2015,Croatia,62.0,5.759,0.25883,0.05444,0.79624,1.08254,0.0243,0.78805
2015,Libya,63.0,5.754,0.41668,0.18295,1.11862,1.13145,0.11023,0.7038
2015,Russia,64.0,5.716,0.36679,0.00199,1.23617,1.13764,0.03005,0.66926
2015,Jamaica,65.0,5.709,0.50442,0.2123,1.15102,0.81038,0.02299,0.68741
2015,North Cyprus,66.0,5.695,0.49027,0.26169,1.07008,1.20806,0.1428,0.92356
2015,Cyprus,67.0,5.689,0.40672,0.30638,0.89318,1.20813,0.06146,0.92356
2015,Algeria,68.0,5.605,0.28579,0.07822,1.07772,0.93929,0.17383,0.61766
2015,Kosovo,69.0,5.589,0.24749,0.2831,0.81198,0.80148,0.04741,0.63132
2015,Turkmenistan,70.0,5.548,0.4761,0.16979,1.22668,0.95847,0.30844,0.53886
2015,Mauritius,71.0,5.477,0.56066,0.37744,0.98521,1.00761,0.07521,0.7095
2015,Hong Kong,72.0,5.474,0.59608,0.39478,1.05818,1.38604,0.37124,1.01328
2015,Estonia,73.0,5.429,0.44888,0.0868,1.22791,1.15174,0.15184,0.77361
2015,Indonesia,74.0,5.399,0.46611,0.51535,1.08708,0.82827,0.0,0.63793
2015,Vietnam,75.0,5.36,0.59444,0.1686,0.91226,0.63216,0.10441,0.74676
2015,Turkey,76.0,5.332,0.22815,0.12253,0.94632,1.06098,0.15746,0.73172
2015,Kyrgyzstan,77.0,5.286,0.43477,0.3003,1.15115,0.47428,0.04232,0.65088
2015,Nigeria,78.0,5.268,0.34334,0.27233,0.90432,0.65435,0.0403,0.16007
2015,Bhutan,79.0,5.253,0.53206,0.47998,1.10395,0.77042,0.15445,0.57407
2015,Azerbaijan,80.0,5.212,0.3703,0.07799,0.93793,1.02389,0.16065,0.64045
2015,Pakistan,81.0,5.194,0.12102,0.33671,0.41411,0.59543,0.10464,0.51466
2015,Jordan,82.0,5.192,0.40661,0.11053,1.05392,0.90198,0.14293,0.69639
2015,Montenegro,82.0,5.192,0.1826,0.1614,0.90557,0.97438,0.14296,0.72521
2015,China,84.0,5.14,0.51697,0.08185,0.94675,0.89012,0.02781,0.81658
2015,Zambia,85.0,5.129,0.48827,0.19591,0.91612,0.47038,0.12468,0.29924
2015,Romania,86.0,5.124,0.35068,0.13748,0.88588,1.04345,0.00649,0.7689
2015,Serbia,87.0,5.123,0.20107,0.19231,1.00964,0.92053,0.02617,0.74836
2015,Portugal,88.0,5.102,0.51469,0.13719,1.13935,1.15991,0.01078,0.87519
2015,Latvia,89.0,5.098,0.29671,0.18226,1.09562,1.11312,0.06332,0.72437
2015,Philippines,90.0,5.073,0.62545,0.24991,1.03516,0.70532,0.12279,0.58114
2015,Somaliland region,91.0,5.057,0.46582,0.50318,0.95152,0.18847,0.39928,0.43873
2015,Morocco,92.0,5.013,0.41691,0.07172,0.64095,0.73479,0.08546,0.60954
2015,Macedonia,93.0,5.007,0.33457,0.22359,1.00232,0.91851,0.05327,0.73545
2015,Mozambique,94.0,4.971,0.34037,0.22269,1.02626,0.08308,0.15603,0.09131
2015,Albania,95.0,4.959,0.35733,0.14272,0.80434,0.87867,0.06413,0.81325
2015,Bosnia and Herzegovina,96.0,4.949,0.09245,0.24808,0.91916,0.83223,0.00227,0.79081
2015,Lesotho,97.0,4.898,0.31767,0.16388,1.04103,0.37545,0.12504,0.07612
2015,Dominican Republic,98.0,4.885,0.57672,0.21684,1.17202,0.89537,0.14234,0.66825
2015,Laos,99.0,4.876,0.59591,0.42192,0.73803,0.59066,0.24249,0.54909
2015,Mongolia,100.0,4.874,0.43626,0.3323,1.3006,0.82819,0.02666,0.60268
2015,Swaziland,101.0,4.867,0.30658,0.18259,1.07284,0.71206,0.0306,0.07566
2015,Greece,102.0,4.857,0.07699,0.0,0.92933,1.15406,0.01397,0.88213
2015,Lebanon,103.0,4.839,0.33916,0.21854,0.80001,1.02564,0.04582,0.83947
2015,Hungary,104.0,4.8,0.32112,0.128,1.20215,1.12094,0.02758,0.75905
2015,Honduras,105.0,4.788,0.40148,0.23027,0.95348,0.59532,0.06825,0.6951
2015,Tajikistan,106.0,4.786,0.47216,0.22974,0.85563,0.39047,0.15072,0.57379
2015,Tunisia,107.0,4.739,0.26268,0.06431,0.60429,0.88113,0.06358,0.73793
2015,Palestinian Territories,108.0,4.715,0.24499,0.11251,0.92558,0.59867,0.12905,0.66015
2015,Bangladesh,109.0,4.694,0.4082,0.21222,0.43106,0.39753,0.12569,0.60164
2015,Iran,110.0,4.686,0.30033,0.38086,0.54447,1.0088,0.05863,0.69805
2015,Ukraine,111.0,4.681,0.25123,0.15275,1.20278,0.79907,0.02961,0.6739
2015,Iraq,112.0,4.677,0.0,0.17922,0.81889,0.98549,0.13788,0.60237
2015,South Africa,113.0,4.642,0.33207,0.11973,1.18468,0.92049,0.08884,0.27688
2015,Ghana,114.0,4.633,0.42342,0.23087,0.67954,0.54558,0.04355,0.40132
2015,Zimbabwe,115.0,4.61,0.25861,0.18987,1.03276,0.271,0.08079,0.33475
2015,Liberia,116.0,4.571,0.28531,0.24362,0.78968,0.0712,0.06232,0.34201
2015,India,117.0,4.565,0.39786,0.26475,0.38174,0.64499,0.08492,0.51529
2015,Sudan,118.0,4.55,0.10081,0.19062,1.01404,0.52107,0.1466,0.36878
2015,Haiti,119.0,4.518,0.24425,0.46187,0.74302,0.26673,0.17175,0.38847
2015,Congo (Kinshasa),120.0,4.517,0.22605,0.24834,1.0012,0.0,0.07625,0.09806
2015,Nepal,121.0,4.514,0.38282,0.32296,0.86449,0.35997,0.05907,0.56874
2015,Ethiopia,122.0,4.512,0.4345,0.24325,0.60406,0.19073,0.15048,0.44055
2015,Sierra Leone,123.0,4.507,0.4084,0.21488,0.95571,0.33024,0.08786,0.0
2015,Mauritania,124.0,4.436,0.24232,0.219,0.86908,0.45407,0.17461,0.35874
2015,Kenya,125.0,4.419,0.42215,0.37542,0.99876,0.36471,0.05839,0.41435
2015,Djibouti,126.0,4.369,0.46074,0.18093,0.59207,0.44025,0.28105,0.36291
2015,Armenia,127.0,4.35,0.19847,0.07855,0.77711,0.76821,0.039,0.7299
2015,Botswana,128.0,4.332,0.49495,0.10461,1.10464,0.99355,0.12474,0.04776
2015,Myanmar,129.0,4.307,0.44017,0.79588,0.70905,0.27108,0.19034,0.48246
2015,Georgia,130.0,4.297,0.40577,0.05547,0.38562,0.7419,0.38331,0.72926
2015,Malawi,131.0,4.292,0.43054,0.33128,0.41134,0.01604,0.06977,0.22562
2015,Sri Lanka,132.0,4.271,0.53726,0.40828,1.01905,0.83524,0.09179,0.70806
2015,Cameroon,133.0,4.252,0.49309,0.20618,0.88767,0.4225,0.05786,0.23402
2015,Bulgaria,134.0,4.218,0.30587,0.11921,1.10614,1.01216,0.00872,0.76649
2015,Egypt,135.0,4.194,0.17288,0.11291,0.747,0.8818,0.06324,0.61712
2015,Yemen,136.0,4.077,0.35571,0.09131,0.68093,0.54649,0.07854,0.40064
2015,Angola,137.0,4.033,0.10384,0.12344,0.8604,0.75778,0.07122,0.16683
2015,Mali,138.0,3.995,0.38857,0.18798,1.03526,0.26074,0.12352,0.20583
2015,Congo (Brazzaville),139.0,3.989,0.41466,0.12388,0.6629,0.67866,0.11686,0.31051
2015,Comoros,140.0,3.956,0.22917,0.17441,0.79273,0.23906,0.199,0.36315
2015,Uganda,141.0,3.931,0.45727,0.29066,1.13299,0.21102,0.07267,0.33861
2015,Senegal,142.0,3.904,0.36772,0.20843,0.97619,0.36498,0.10713,0.4354
2015,Gabon,143.0,3.896,0.31914,0.06822,0.90528,1.06024,0.11091,0.43372
2015,Niger,144.0,3.845,0.47692,0.19387,0.77265,0.0694,0.15639,0.29707
2015,Cambodia,145.0,3.819,0.66246,0.40359,0.62736,0.46038,0.07247,0.61114
2015,Tanzania,146.0,3.781,0.32878,0.34377,1.00268,0.2852,0.05747,0.38215
2015,Madagascar,147.0,3.681,0.19184,0.21333,0.66801,0.20824,0.08124,0.46721
2015,Central African Republic,148.0,3.678,0.48879,0.23835,0.0,0.0785,0.08289,0.06699
2015,Chad,149.0,3.667,0.23501,0.18386,0.76062,0.34193,0.05269,0.1501
2015,Guinea,150.0,3.656,0.37725,0.28657,0.46475,0.17417,0.12139,0.24009
2015,Ivory Coast,151.0,3.655,0.46866,0.20165,0.77115,0.46534,0.17922,0.15185
2015,Burkina Faso,152.0,3.587,0.39493,0.21747,0.85188,0.25812,0.12832,0.27125
2015,Afghanistan,153.0,3.575,0.23414,0.3651,0.30285,0.31982,0.09719,0.30335
2015,Rwanda,154.0,3.465,0.59201,0.22628,0.7737,0.22208,0.55191,0.42864
2015,Benin,155.0,3.34,0.4845,0.1826,0.35386,0.28665,0.0801,0.3191
2015,Syria,156.0,3.006,0.15684,0.47179,0.47489,0.6632,0.18906,0.72193
2015,Burundi,157.0,2.905,0.1185,0.19727,0.41587,0.0153,0.10062,0.22396
2015,Togo,158.0,2.839,0.36453,0.16681,0.13995,0.20868,0.10731,0.28443
2016,Denmark,1.0,7.526,0.57941,0.36171,1.16374,1.44178,0.44453,0.79504
2016,Switzerland,2.0,7.509,0.58557,0.28083,1.14524,1.52733,0.41203,0.86303
2016,Iceland,3.0,7.501,0.56624,0.47678,1.18326,1.42666,0.14975,0.86733
2016,Norway,4.0,7.498,0.59609,0.37895,1.1269,1.57744,0.35776,0.79579
2016,Finland,5.0,7.413,0.57104,0.25492,1.13464,1.40598,0.41004,0.81091
2016,Canada,6.0,7.404,0.5737,0.44834,1.0961,1.44015,0.31329,0.8276
2016,Netherlands,7.0,7.339,0.55211,0.47416,1.02912,1.46468,0.29927,0.81231
2016,New Zealand,8.0,7.334,0.58147,0.49401,1.17278,1.36066,0.41904,0.83096
2016,Australia,9.0,7.313,0.56837,0.47407,1.10476,1.44443,0.32331,0.8512
2016,Sweden,10.0,7.291,0.58218,0.38254,1.08764,1.45181,0.40867,0.83121
2016,Israel,11.0,7.267,0.36432,0.32288,0.99537,1.33766,0.08728,0.84917
2016,Austria,12.0,7.119,0.54355,0.32865,1.08383,1.45038,0.21348,0.80565
2016,United States,13.0,7.104,0.48163,0.41077,1.04782,1.50796,0.14868,0.779
2016,Costa Rica,14.0,7.087,0.55225,0.22553,1.02152,1.06879,0.10547,0.76146
2016,Puerto Rico,15.0,7.039,0.46823,0.22202,1.08113,1.35943,0.12275,0.77758
2016,Germany,16.0,6.994,0.53466,0.30452,1.09774,1.44787,0.28551,0.81487
2016,Brazil,17.0,6.952,0.40425,0.15776,1.03938,1.08754,0.14166,0.61415
2016,Belgium,18.0,6.929,0.51354,0.2424,1.05249,1.42539,0.26248,0.81959
2016,Ireland,19.0,6.907,0.54008,0.44963,1.16157,1.48341,0.29754,0.81455
2016,Luxembourg,20.0,6.871,0.5487,0.27571,1.03999,1.69752,0.35329,0.84542
2016,Mexico,21.0,6.778,0.37709,0.11735,0.7146,1.11508,0.18355,0.71143
2016,Singapore,22.0,6.739,0.4877,0.32706,0.86758,1.64555,0.46987,0.94719
2016,United Kingdom,23.0,6.725,0.50036,0.50156,1.08672,1.40283,0.27399,0.80991
2016,Chile,24.0,6.705,0.37789,0.31595,0.90587,1.2167,0.11451,0.81883
2016,Panama,25.0,6.701,0.48927,0.2418,0.98912,1.18306,0.08423,0.70835
2016,Argentina,26.0,6.65,0.42284,0.10989,1.06612,1.15137,0.07296,0.69711
2016,Czech Republic,27.0,6.596,0.41418,0.09929,1.00793,1.30915,0.03986,0.76376
2016,United Arab Emirates,28.0,6.573,0.56215,0.26591,0.87114,1.57352,0.35561,0.72993
2016,Uruguay,29.0,6.545,0.54388,0.18056,1.03143,1.18157,0.21394,0.72183
2016,Malta,30.0,6.488,0.54994,0.56237,1.09879,1.30782,0.17554,0.80315
2016,Colombia,31.0,6.481,0.44735,0.15626,1.02169,1.03032,0.05399,0.59659
2016,France,32.0,6.478,0.46562,0.1216,1.00508,1.39488,0.17808,0.83795
2016,Thailand,33.0,6.474,0.49553,0.58696,1.04477,1.0893,0.02833,0.64915
2016,Saudi Arabia,34.0,6.379,0.37904,0.15457,0.84829,1.48953,0.30008,0.59267
2016,Taiwan,34.0,6.379,0.32377,0.25495,0.92624,1.39729,0.0663,0.79565
2016,Qatar,36.0,6.375,0.56679,0.32388,0.87964,1.82427,0.48049,0.71723
2016,Spain,37.0,6.361,0.37545,0.17665,1.12945,1.34253,0.06137,0.87896
2016,Algeria,38.0,6.355,0.21006,0.07044,0.83309,1.05266,0.16157,0.61804
2016,Guatemala,39.0,6.324,0.50379,0.28808,0.87119,0.83454,0.08701,0.54039
2016,Suriname,40.0,6.269,0.52234,0.16665,0.77866,1.09686,0.12692,0.50933
2016,Kuwait,41.0,6.239,0.43166,0.15965,0.87758,1.61714,0.23669,0.63569
2016,Bahrain,42.0,6.218,0.47375,0.17147,0.94397,1.44024,0.25772,0.65696
2016,Trinidad and Tobago,43.0,6.168,0.48453,0.31935,0.98569,1.32572,0.01241,0.52608
2016,Venezuela,44.0,6.084,0.19847,0.0425,1.03302,1.13367,0.08304,0.61904
2016,Slovakia,45.0,6.078,0.23391,0.13837,1.08268,1.27973,0.02947,0.70367
2016,El Salvador,46.0,6.068,0.37269,0.08877,0.80975,0.8737,0.10613,0.596
2016,Malaysia,47.0,6.005,0.39031,0.41474,0.88025,1.25142,0.09081,0.62366
2016,Nicaragua,48.0,5.992,0.46582,0.29773,0.89521,0.69384,0.16292,0.65213
2016,Uzbekistan,49.0,5.987,0.60848,0.34326,1.1681,0.73591,0.28333,0.50163
2016,Italy,50.0,5.977,0.18827,0.16684,1.04167,1.35495,0.02556,0.85102
2016,Ecuador,51.0,5.976,0.4027,0.10074,0.85974,0.97306,0.18037,0.68613
2016,Belize,52.0,5.956,0.51231,0.23684,0.68655,0.87616,0.10771,0.45569
2016,Japan,53.0,5.921,0.46761,0.10224,1.06054,1.38007,0.18985,0.91491
2016,Kazakhstan,54.0,5.919,0.4052,0.15011,0.95544,1.22943,0.11132,0.57386
2016,Moldova,55.0,5.897,0.25202,0.19997,0.83132,0.69177,0.01903,0.52309
2016,Russia,56.0,5.856,0.32682,0.02736,1.05261,1.23228,0.03586,0.58991
2016,Poland,57.0,5.835,0.4519,0.14443,1.04685,1.24585,0.055,0.69058
2016,South Korea,57.0,5.835,0.25168,0.18824,0.72194,1.35948,0.07716,0.88645
2016,Bolivia,59.0,5.822,0.50961,0.21698,0.83779,0.79422,0.07746,0.4697
2016,Lithuania,60.0,5.813,0.18929,0.02025,1.06411,1.2692,0.0182,0.64674
2016,Belarus,61.0,5.802,0.29091,0.13942,1.04993,1.13062,0.17457,0.63104
2016,North Cyprus,62.0,5.771,0.43596,0.26322,0.81826,1.31141,0.16578,0.84142
2016,Slovenia,63.0,5.768,0.53164,0.25738,1.05613,1.29947,0.03635,0.79151
2016,Peru,64.0,5.743,0.37502,0.14527,0.81255,0.99602,0.05292,0.62994
2016,Turkmenistan,65.0,5.658,0.37408,0.22567,1.03817,1.08017,0.28467,0.44006
2016,Mauritius,66.0,5.648,0.46145,0.36951,0.75695,1.14372,0.05203,0.66189
2016,Libya,67.0,5.615,0.40672,0.17087,0.95076,1.06688,0.10339,0.52304
2016,Latvia,68.0,5.56,0.27996,0.17445,0.95025,1.21788,0.0889,0.63952
2016,Cyprus,69.0,5.546,0.29507,0.27906,0.70697,1.31857,0.05228,0.8488
2016,Paraguay,70.0,5.538,0.46235,0.25296,1.11111,0.89373,0.07396,0.58295
2016,Romania,71.0,5.528,0.36712,0.12889,0.72803,1.1697,0.00679,0.67602
2016,Estonia,72.0,5.517,0.41511,0.08423,1.05163,1.27964,0.18519,0.68098
2016,Jamaica,73.0,5.51,0.43597,0.22245,0.96372,0.89333,0.04294,0.59469
2016,Croatia,74.0,5.488,0.23907,0.18434,0.60809,1.18649,0.04002,0.70524
2016,Hong Kong,75.0,5.458,0.48079,0.40097,0.87021,1.5107,0.31647,0.95277
2016,Somalia,76.0,5.44,0.56778,0.27225,0.33613,0.0,0.3118,0.11466
2016,Kosovo,77.0,5.401,0.14396,0.27992,0.66062,0.90145,0.06547,0.54
2016,Turkey,78.0,5.389,0.23889,0.04707,0.87717,1.16492,0.12348,0.64718
2016,Indonesia,79.0,5.314,0.39237,0.56521,0.87625,0.95104,0.00322,0.49374
2016,Jordan,80.0,5.303,0.36023,0.14262,0.86216,0.99673,0.13297,0.60712
2016,Azerbaijan,81.0,5.291,0.35327,0.0564,0.76042,1.12373,0.17914,0.54504
2016,Philippines,82.0,5.279,0.54854,0.21674,0.87877,0.81217,0.11757,0.47036
2016,China,83.0,5.245,0.44012,0.04959,0.79381,1.0278,0.02745,0.73561
2016,Bhutan,84.0,5.196,0.46074,0.48546,0.90836,0.8527,0.1616,0.49759
2016,Kyrgyzstan,85.0,5.185,0.40212,0.38432,0.95434,0.56044,0.04762,0.55449
2016,Serbia,86.0,5.177,0.15718,0.20737,0.81329,1.03437,0.04339,0.6458
2016,Bosnia and Herzegovina,87.0,5.163,0.09511,0.29889,0.64367,0.93383,0.0,0.70766
2016,Montenegro,88.0,5.161,0.15111,0.17191,0.74173,1.07838,0.12721,0.63533
2016,Dominican Republic,89.0,5.155,0.52259,0.21286,0.99496,1.02787,0.12372,0.57669
2016,Morocco,90.0,5.151,0.25646,0.04053,0.38595,0.84058,0.08404,0.59471
2016,Hungary,91.0,5.145,0.1977,0.099,0.93164,1.24142,0.04472,0.67608
2016,Pakistan,92.0,5.132,0.14622,0.31185,0.26135,0.68816,0.1388,0.40306
2016,Lebanon,93.0,5.129,0.26228,0.23693,0.64184,1.12268,0.03061,0.76171
2016,Portugal,94.0,5.123,0.44727,0.11691,0.94367,1.27607,0.01521,0.79363
2016,Macedonia,95.0,5.121,0.27668,0.23507,0.78236,1.0193,0.07047,0.64738
2016,Vietnam,96.0,5.061,0.55954,0.25075,0.79117,0.74037,0.11556,0.66157
2016,Somaliland Region,97.0,5.057,0.3913,0.51479,0.75862,0.25558,0.36794,0.33108
2016,Tunisia,98.0,5.045,0.23553,0.03936,0.43165,0.97724,0.0817,0.59577
2016,Greece,99.0,5.033,0.05822,0.0,0.75473,1.24886,0.04127,0.80029
2016,Tajikistan,100.0,4.996,0.43408,0.25998,0.75602,0.48835,0.13509,0.53119
2016,Mongolia,101.0,4.907,0.35972,0.34539,1.08983,0.98853,0.03285,0.55469
2016,Laos,102.0,4.876,0.52168,0.43079,0.5497,0.68042,0.22423,0.38291
2016,Nigeria,103.0,4.875,0.27854,0.23219,0.64498,0.75216,0.0305,0.05108
2016,Honduras,104.0,4.871,0.26755,0.2044,0.75596,0.69429,0.06906,0.58383
2016,Iran,105.0,4.813,0.22544,0.38538,0.38857,1.11758,0.0557,0.64232
2016,Zambia,106.0,4.795,0.42662,0.17866,0.6376,0.61202,0.11479,0.23573
2016,Nepal,107.0,4.793,0.37012,0.3816,0.69699,0.44626,0.07008,0.50073
2016,Palestinian Territories,108.0,4.754,0.17744,0.11154,0.71629,0.67024,0.10613,0.56844
2016,Albania,109.0,4.655,0.31866,0.1684,0.50163,0.9553,0.05301,0.73007
2016,Bangladesh,110.0,4.643,0.39778,0.19132,0.24749,0.54177,0.12583,0.52989
2016,Sierra Leone,111.0,4.635,0.30685,0.23897,0.628,0.36485,0.08196,0.0
2016,Iraq,112.0,4.575,0.24856,0.19589,0.59205,1.07474,0.13636,0.51076
2016,Namibia,113.0,4.574,0.48614,0.07795,0.70362,0.93287,0.10398,0.34745
2016,Cameroon,114.0,4.513,0.42736,0.2268,0.62542,0.52497,0.06126,0.12698
2016,Ethiopia,115.0,4.508,0.36703,0.29522,0.37932,0.29283,0.1717,0.34578
2016,South Africa,116.0,4.459,0.42483,0.13656,0.96053,1.02416,0.08415,0.18611
2016,Sri Lanka,117.0,4.415,0.50817,0.46978,0.84783,0.97318,0.07964,0.62007
2016,India,118.0,4.404,0.40285,0.25028,0.29247,0.74036,0.08722,0.45091
2016,Myanmar,119.0,4.395,0.42692,0.81971,0.69981,0.34112,0.20243,0.3988
2016,Egypt,120.0,4.362,0.18847,0.12706,0.49813,0.95395,0.10393,0.52116
2016,Armenia,121.0,4.36,0.14037,0.07793,0.62477,0.86086,0.03616,0.64083
2016,Kenya,122.0,4.356,0.40576,0.41328,0.7624,0.52267,0.06686,0.30147
2016,Ukraine,123.0,4.324,0.12859,0.20363,1.01413,0.87287,0.01829,0.58628
2016,Ghana,124.0,4.276,0.40973,0.21203,0.49353,0.63107,0.0326,0.29681
2016,Congo (Kinshasa),125.0,4.272,0.15602,0.25458,0.80676,0.05661,0.06075,0.188
2016,Georgia,126.0,4.252,0.32461,0.06786,0.19249,0.83792,0.3188,0.64035
2016,Congo (Brazzaville),127.0,4.236,0.37938,0.12077,0.47799,0.77109,0.09753,0.28212
2016,Senegal,128.0,4.219,0.31056,0.19103,0.77416,0.44314,0.11681,0.40457
2016,Bulgaria,129.0,4.217,0.21219,0.12793,0.92542,1.11306,0.00615,0.67806
2016,Mauritania,130.0,4.201,0.1268,0.22686,0.84142,0.61391,0.17955,0.28639
2016,Zimbabwe,131.0,4.193,0.25429,0.18503,0.71478,0.35041,0.08582,0.1595
2016,Malawi,132.0,4.156,0.4143,0.30968,0.147,0.08709,0.07564,0.29364
2016,Sudan,133.0,4.139,0.0,0.18077,0.81928,0.63069,0.10039,0.29759
2016,Gabon,134.0,4.121,0.28098,0.06244,0.72368,1.15851,0.09314,0.3494
2016,Mali,135.0,4.073,0.27544,0.21064,0.86333,0.31292,0.13647,0.16347
2016,Haiti,136.0,4.028,0.12072,0.47958,0.29561,0.34097,0.14476,0.27494
2016,Botswana,137.0,3.974,0.44089,0.12425,0.89186,1.09426,0.10769,0.34752
2016,Comoros,138.0,3.956,0.15412,0.1827,0.60323,0.27509,0.18437,0.29981
2016,Ivory Coast,139.0,3.916,0.40663,0.20338,0.57576,0.55507,0.1553,0.04476
2016,Cambodia,140.0,3.907,0.58852,0.40339,0.5375,0.55604,0.08092,0.42494
2016,Angola,141.0,3.866,0.00589,0.12071,0.66366,0.84731,0.08434,0.04991
2016,Niger,142.0,3.856,0.38041,0.2097,0.6053,0.1327,0.17176,0.26162
2016,South Sudan,143.0,3.832,0.19662,0.25899,0.18519,0.39394,0.13015,0.15781
2016,Chad,144.0,3.763,0.12807,0.18667,0.63178,0.42214,0.04952,0.03824
2016,Burkina Faso,145.0,3.739,0.3337,0.24353,0.63054,0.31995,0.12533,0.21297
2016,Uganda,145.0,3.739,0.43653,0.27102,0.90981,0.34719,0.06442,0.19625
2016,Yemen,147.0,3.724,0.2287,0.09821,0.47493,0.57939,0.05892,0.31048
2016,Madagascar,148.0,3.695,0.13684,0.2204,0.46115,0.27954,0.07506,0.37109
2016,Tanzania,149.0,3.666,0.3176,0.31472,0.77623,0.47155,0.05099,0.357
2016,Liberia,150.0,3.622,0.25748,0.24063,0.50353,0.10706,0.04852,0.23165
2016,Guinea,151.0,3.607,0.30953,0.29914,0.3109,0.22415,0.1192,0.18829
2016,Rwanda,152.0,3.515,0.5432,0.23552,0.61586,0.32846,0.50521,0.31865
2016,Benin,153.0,3.484,0.39747,0.2018,0.10419,0.39499,0.06681,0.21028
2016,Afghanistan,154.0,3.36,0.1643,0.31268,0.11037,0.38227,0.07112,0.17344
2016,Togo,155.0,3.303,0.34678,0.17517,0.0,0.28123,0.11587,0.24811
2016,Syria,156.0,3.069,0.06912,0.48397,0.14866,0.74719,0.17233,0.62994
2016,Burundi,157.0,2.905,0.0432,0.2029,0.23442,0.06831,0.09419,0.15747
2017,Norway,1.0,7.53700017929077,0.635422587394714,0.36201223731041,1.53352355957031,1.61646318435669,0.315963834524155,0.796666502952576
2017,Denmark,2.0,7.52199983596802,0.626006722450256,0.355280488729477,1.55112159252167,1.48238301277161,0.40077006816864,0.792565524578094
2017,Iceland,3.0,7.50400018692017,0.627162635326385,0.475540220737457,1.6105740070343,1.480633020401,0.153526559472084,0.833552122116089
2017,Switzerland,4.0,7.49399995803833,0.620070576667786,0.290549278259277,1.51691174507141,1.56497955322266,0.367007285356522,0.858131289482117
2017,Finland,5.0,7.4689998626709,0.617950856685638,0.24548277258873,1.5402467250824,1.44357192516327,0.38261154294014,0.80915766954422
2017,Netherlands,6.0,7.3769998550415,0.585384488105774,0.470489829778671,1.42893922328949,1.50394463539124,0.282661825418472,0.810696125030518
2017,Canada,7.0,7.31599998474121,0.611100912094116,0.435539722442627,1.48134899139404,1.47920441627502,0.287371516227722,0.83455765247345
2017,New Zealand,8.0,7.31400012969971,0.614062130451202,0.500005125999451,1.54819512367249,1.40570604801178,0.382816702127457,0.816759705543518
2017,Sweden,9.0,7.28399991989136,0.612924098968506,0.385399252176285,1.47816216945648,1.49438726902008,0.384398728609085,0.830875158309937
2017,Australia,10.0,7.28399991989136,0.601607382297516,0.477699249982834,1.51004195213318,1.484414935112,0.301183730363846,0.84388679265976
2017,Israel,11.0,7.21299982070923,0.405988603830338,0.330082654953003,1.37628996372223,1.37538242340088,0.0852421000599861,0.83840399980545
2017,Costa Rica,12.0,7.0789999961853,0.580131649971008,0.214613229036331,1.41640365123749,1.10970628261566,0.100106589496136,0.759509265422821
2017,Austria,13.0,7.00600004196167,0.567766189575195,0.316472321748734,1.4599449634552,1.48709726333618,0.221060365438461,0.815328419208527
2017,United States,14.0,6.99300003051758,0.505740523338318,0.392578780651093,1.41992056369781,1.54625928401947,0.135638788342476,0.77428662776947
2017,Ireland,15.0,6.97700023651123,0.573110342025757,0.42785832285881,1.55823111534119,1.53570663928986,0.29838815331459,0.80978262424469
2017,Germany,16.0,6.95100021362305,0.562511384487152,0.336269170045853,1.47252035140991,1.48792338371277,0.276731938123703,0.798950731754303
2017,Belgium,17.0,6.89099979400635,0.539770722389221,0.231503337621689,1.46231269836426,1.46378076076508,0.251343131065369,0.818091869354248
2017,Luxembourg,18.0,6.86299991607666,0.59662789106369,0.283180981874466,1.45758366584778,1.74194359779358,0.31883442401886,0.845089495182037
2017,United Kingdom,19.0,6.71400022506714,0.508190035820007,0.492774158716202,1.49646008014679,1.44163393974304,0.265428066253662,0.805335938930511
2017,Chile,20.0,6.65199995040894,0.376895278692245,0.326662421226501,1.28402495384216,1.25278460979462,0.0822879821062088,0.819479703903198
2017,United Arab Emirates,21.0,6.64799976348877,0.60834527015686,0.3609419465065,1.26641023159027,1.62634336948395,0.324489563703537,0.726798236370087
2017,Brazil,22.0,6.63500022888184,0.437453746795654,0.16234989464283,1.43130600452423,1.10735321044922,0.111092761158943,0.616552352905273
2017,Czech Republic,23.0,6.60900020599365,0.490946173667908,0.0881067588925362,1.43388521671295,1.35268235206604,0.0368729270994663,0.754444003105164
2017,Argentina,24.0,6.59899997711182,0.494519203901291,0.109457060694695,1.44045114517212,1.18529546260834,0.059739887714386,0.695137083530426
2017,Mexico,25.0,6.57800006866455,0.412730008363724,0.120990432798862,1.210862159729,1.15318381786346,0.132774114608765,0.709978997707367
2017,Singapore,26.0,6.57200002670288,0.549840569496155,0.345965981483459,1.35381436347961,1.69227766990662,0.46430778503418,0.949492394924164
2017,Malta,27.0,6.52699995040894,0.588767051696777,0.574730575084686,1.48841166496277,1.34327983856201,0.153066068887711,0.821944236755371
2017,Uruguay,28.0,6.4539999961853,0.57939225435257,0.175096929073334,1.41222786903381,1.21755969524384,0.178061872720718,0.719216823577881
2017,Guatemala,29.0,6.4539999961853,0.531310617923737,0.283488392829895,1.25558519363403,0.872001945972443,0.0772232785820961,0.540239989757538
2017,Panama,30.0,6.4520001411438,0.550026834011078,0.21055693924427,1.37319254875183,1.23374843597412,0.070983923971653,0.706156134605408
2017,France,31.0,6.44199991226196,0.470222115516663,0.129762306809425,1.38777685165405,1.43092346191406,0.172502428293228,0.844465851783752
2017,Thailand,32.0,6.42399978637695,0.580200731754303,0.572123110294342,1.42579245567322,1.12786877155304,0.0316127352416515,0.647239029407501
2017,Taiwan Province of China,33.0,6.42199993133545,0.361466586589813,0.258360475301743,1.38456535339355,1.43362653255463,0.0638292357325554,0.793984234333038
2017,Spain,34.0,6.40299987792969,0.408781230449677,0.190133571624756,1.53209090232849,1.38439786434174,0.0709140971302986,0.888960599899292
2017,Qatar,35.0,6.375,0.604130983352661,0.330473870038986,1.27429687976837,1.87076568603516,0.439299255609512,0.710098087787628
2017,Colombia,36.0,6.35699987411499,0.477487415075302,0.149014472961426,1.4021829366684,1.07062232494354,0.0466687418520451,0.595027923583984
2017,Saudi Arabia,37.0,6.3439998626709,0.449750572443008,0.147616013884544,1.28667759895325,1.53062355518341,0.27343225479126,0.590148329734802
2017,Trinidad and Tobago,38.0,6.16800022125244,0.518630743026733,0.325296461582184,1.3802285194397,1.36135590076447,0.0089648161083459,0.519983291625977
2017,Kuwait,39.0,6.10500001907349,0.496337592601776,0.228289797902107,1.25969874858856,1.63295245170593,0.215159550309181,0.632105708122253
2017,Slovakia,40.0,6.09800004959106,0.295817464590073,0.136544480919838,1.50505924224854,1.32539355754852,0.0242108516395092,0.712732911109924
2017,Bahrain,41.0,6.08699989318848,0.536746919155121,0.172668486833572,1.32311046123505,1.48841226100922,0.257042169570923,0.653133034706116
2017,Malaysia,42.0,6.08400011062622,0.402264982461929,0.416608929634094,1.28464603424072,1.29121541976929,0.0656007081270218,0.618784427642822
2017,Nicaragua,43.0,6.07100009918213,0.447551846504211,0.301674216985703,1.28721570968628,0.737299203872681,0.130687981843948,0.653095960617065
2017,Ecuador,44.0,6.00799989700317,0.4551981985569,0.150112465023994,1.28616881370544,1.00082039833069,0.140134647488594,0.685636222362518
2017,El Salvador,45.0,6.00299978256226,0.432452529668808,0.0782579854130745,1.18212509155273,0.909784495830536,0.0899809598922729,0.596018552780151
2017,Poland,46.0,5.97300004959106,0.520342111587524,0.158465966582298,1.44571197032928,1.29178786277771,0.0593078061938286,0.699475347995758
2017,Uzbekistan,47.0,5.97100019454956,0.658248662948608,0.415983647108078,1.54896914958954,0.786441087722778,0.246528223156929,0.498272627592087
2017,Italy,48.0,5.96400022506714,0.256450712680817,0.17278964817524,1.44492328166962,1.39506661891937,0.0280280914157629,0.853144347667694
2017,Russia,49.0,5.96299982070923,0.373783111572266,0.0522638224065304,1.46928238868713,1.28177809715271,0.0329628810286522,0.547349333763123
2017,Belize,50.0,5.95599985122681,0.547509372234344,0.240015640854836,1.08141779899597,0.907975316047668,0.0965810716152191,0.450191766023636
2017,Japan,51.0,5.92000007629395,0.505625545978546,0.12057276815176,1.43633782863617,1.41691517829895,0.163760736584663,0.913475871086121
2017,Lithuania,52.0,5.90199995040894,0.234231784939766,0.010164656676352,1.47351610660553,1.31458234786987,0.0118656428530812,0.62894994020462
2017,Algeria,53.0,5.87200021743774,0.233335807919502,0.0694366469979286,1.1462174654007,1.09186446666718,0.146096110343933,0.617584645748138
2017,Latvia,54.0,5.84999990463257,0.325707912445068,0.153074786067009,1.40471494197845,1.26074862480164,0.0738427266478539,0.638566970825195
2017,South Korea,55.0,5.83799982070923,0.257921665906906,0.206674367189407,1.12827444076538,1.40167844295502,0.0632826685905457,0.900214076042175
2017,Moldova,56.0,5.83799982070923,0.240729048848152,0.208779126405716,1.25182557106018,0.728870630264282,0.0100912861526012,0.589465200901031
2017,Romania,57.0,5.82499980926514,0.457003742456436,0.133519917726517,1.15009129047394,1.21768391132355,0.00438790069893,0.685158312320709
2017,Bolivia,58.0,5.82299995422363,0.558732926845551,0.22556072473526,1.22761905193329,0.833756566047668,0.0604777261614799,0.473630249500275
2017,Turkmenistan,59.0,5.82200002670288,0.41827192902565,0.24992498755455,1.49314916133881,1.13077676296234,0.259270340204239,0.437726080417633
2017,Kazakhstan,60.0,5.81899976730347,0.437454283237457,0.201964423060417,1.38436901569366,1.28455626964569,0.119282886385918,0.606041550636292
2017,North Cyprus,61.0,5.80999994277954,0.471203625202179,0.266845703125,1.18630337715149,1.3469113111496,0.155353352427483,0.834647238254547
2017,Slovenia,62.0,5.75799989700317,0.572575807571411,0.242649093270302,1.45251882076263,1.3412059545517,0.0451289787888527,0.790828227996826
2017,Peru,63.0,5.71500015258789,0.450002878904343,0.126819714903831,1.21877038478851,1.03522527217865,0.0470490865409374,0.630166113376617
2017,Mauritius,64.0,5.62900018692017,0.491247326135635,0.360933750867844,1.20956099033356,1.18939554691315,0.0421815551817417,0.638007462024689
2017,Cyprus,65.0,5.62099981307983,0.355111539363861,0.271254301071167,1.13136327266693,1.35593807697296,0.0412379764020443,0.84471470117569
2017,Estonia,66.0,5.61100006103516,0.479131430387497,0.0988908112049103,1.47667109966278,1.32087934017181,0.183248922228813,0.695168316364288
2017,Belarus,67.0,5.56899976730347,0.295400261878967,0.15513750910759,1.44494521617889,1.15655755996704,0.156313821673393,0.637714266777039
2017,Libya,68.0,5.52500009536743,0.465733230113983,0.152073666453362,1.35756433010101,1.10180306434631,0.0926102101802826,0.520169019699097
2017,Turkey,69.0,5.5,0.300740599632263,0.0466930419206619,1.33775317668915,1.19827437400818,0.0996715798974037,0.637605607509613
2017,Paraguay,70.0,5.49300003051758,0.473507791757584,0.224150657653809,1.50728487968445,0.932537317276001,0.091065913438797,0.579250693321228
2017,"Hong Kong S.A.R., China",71.0,5.47200012207031,0.490968644618988,0.374465793371201,1.26279091835022,1.55167484283447,0.293933749198914,0.943062424659729
2017,Philippines,72.0,5.42999982833862,0.585214674472809,0.193513423204422,1.25391757488251,0.85769921541214,0.0993318930268288,0.468009054660797
2017,Serbia,73.0,5.39499998092651,0.208715528249741,0.220125883817673,1.25818979740143,1.06931757926941,0.0409037806093693,0.65078467130661
2017,Jordan,74.0,5.33599996566772,0.418421149253845,0.172170460224152,1.23908889293671,0.991012394428253,0.11980327218771,0.604590058326721
2017,Hungary,75.0,5.32399988174438,0.175863519310951,0.0784016624093056,1.34313309192657,1.2860119342804,0.0366369374096394,0.687763452529907
2017,Jamaica,76.0,5.31099987030029,0.474307239055634,0.233818337321281,1.36821806430817,0.925579309463501,0.0552677810192108,0.641022384166718
2017,Croatia,77.0,5.29300022125244,0.255772292613983,0.248002976179123,0.96798300743103,1.22255623340607,0.0431031100451946,0.701288521289825
2017,Kosovo,78.0,5.27899980545044,0.260287940502167,0.319931447505951,1.13785350322723,0.951484382152557,0.0574716180562973,0.541452050209045
2017,China,79.0,5.27299976348877,0.472787708044052,0.0288068410009146,1.16083741188049,1.08116579055786,0.0227942746132612,0.741415500640869
2017,Pakistan,80.0,5.26900005340576,0.23521526157856,0.315446019172668,0.672690689563751,0.72688353061676,0.124348066747189,0.402047783136368
2017,Indonesia,81.0,5.26200008392334,0.443323463201523,0.611704587936401,1.27444469928741,0.995538592338562,0.0153171354904771,0.492345720529556
2017,Venezuela,82.0,5.25,0.153997123241425,0.0650196298956871,1.43133759498596,1.12843120098114,0.0644911229610443,0.617144227027893
2017,Montenegro,83.0,5.23699998855591,0.194989055395126,0.197911024093628,1.23837649822235,1.12112903594971,0.0881741940975189,0.667464673519135
2017,Morocco,84.0,5.2350001335144,0.408158332109451,0.0322099551558495,0.774864435195923,0.878114581108093,0.0877631828188896,0.59771066904068
2017,Azerbaijan,85.0,5.23400020599365,0.398155838251114,0.0452693402767181,1.15240025520325,1.15360176563263,0.180987507104874,0.540775775909424
2017,Dominican Republic,86.0,5.23000001907349,0.55258983373642,0.186967849731445,1.40241670608521,1.07937383651733,0.113945253193378,0.574873745441437
2017,Greece,87.0,5.22700023651123,0.0957312509417534,0.0,1.23941457271576,1.28948748111725,0.04328977689147,0.810198903083801
2017,Lebanon,88.0,5.22499990463257,0.288515985012054,0.264450758695602,1.12962424755096,1.07498753070831,0.037513829767704,0.735081076622009
2017,Portugal,89.0,5.19500017166138,0.498465299606323,0.0951027125120163,1.36704301834106,1.3151752948761,0.0158694516867399,0.795843541622162
2017,Bosnia and Herzegovina,90.0,5.18200016021729,0.204403176903725,0.328867495059967,1.0693359375,0.982409417629242,0.0,0.705186307430267
2017,Honduras,91.0,5.18100023269653,0.348079860210419,0.236188873648643,1.14394497871399,0.730573117733002,0.0733454525470734,0.582569479942322
2017,Macedonia,92.0,5.17500019073486,0.325905978679657,0.25376096367836,1.20789301395416,1.06457793712616,0.0602777935564518,0.644948184490204
2017,Somalia,93.0,5.15100002288818,0.602126955986023,0.291631311178207,0.721151351928711,0.0226431842893362,0.282410323619843,0.113989137113094
2017,Vietnam,94.0,5.07399988174438,0.571055591106415,0.234968051314354,1.27749133110046,0.788547575473785,0.0876332372426987,0.652168989181519
2017,Nigeria,95.0,5.07399988174438,0.394952565431595,0.230947196483612,1.21577048301697,0.783756256103516,0.0261215660721064,0.0569157302379608
2017,Tajikistan,96.0,5.04099988937378,0.471566706895828,0.248997643589973,1.27146327495575,0.524713635444641,0.146377146244049,0.529235124588013
2017,Bhutan,97.0,5.01100015640259,0.501537680625916,0.474054545164108,1.34012651443481,0.885416388511658,0.173380389809608,0.495879292488098
2017,Kyrgyzstan,98.0,5.00400018692017,0.454943388700485,0.42858037352562,1.39423859119415,0.596220076084137,0.0394391790032387,0.553457796573639
2017,Nepal,99.0,4.96199989318848,0.440305948257446,0.394096165895462,1.17928326129913,0.479820191860199,0.0729755461215973,0.504130780696869
2017,Mongolia,100.0,4.95499992370605,0.394143968820572,0.338464230298996,1.4930112361908,1.02723586559296,0.0329022891819477,0.557783484458923
2017,South Africa,101.0,4.8289999961853,0.479246735572815,0.139362379908562,1.38478863239288,1.05469870567322,0.0725094974040985,0.187080070376396
2017,Tunisia,102.0,4.80499982833862,0.289680689573288,0.0496933571994305,0.868351459503174,1.00726580619812,0.0867231488227844,0.613212049007416
2017,Palestinian Territories,103.0,4.77500009536743,0.25471106171608,0.114173173904419,1.15564715862274,0.716249227523804,0.0892826020717621,0.565666973590851
2017,Egypt,104.0,4.7350001335144,0.282110154628754,0.128631442785263,0.997471392154694,0.989701807498932,0.114381365478039,0.520187258720398
2017,Bulgaria,105.0,4.71400022506714,0.289231717586517,0.113177694380283,1.43437945842743,1.1614590883255,0.0110515309497714,0.708217680454254
2017,Sierra Leone,106.0,4.70900011062622,0.318697690963745,0.293040901422501,0.984136044979095,0.36842092871666,0.0710951760411263,0.0055647538974881
2017,Cameroon,107.0,4.69500017166138,0.430388748645782,0.236298456788063,0.946018218994141,0.564305365085602,0.0513066314160824,0.132892116904259
2017,Iran,108.0,4.69199991226196,0.249322608113289,0.387242913246155,0.711551249027252,1.15687310695648,0.048761073499918,0.639333188533783
2017,Albania,109.0,4.64400005340576,0.381498634815216,0.201312944293022,0.803685247898102,0.996192753314972,0.0398642159998417,0.731159746646881
2017,Bangladesh,110.0,4.60799980163574,0.478356659412384,0.172255352139473,0.735131740570068,0.586682975292206,0.123717859387398,0.533241033554077
2017,Namibia,111.0,4.57399988174438,0.520303547382355,0.0771337449550629,1.0984708070755,0.964434325695038,0.0931469723582268,0.33861181139946
2017,Kenya,112.0,4.55299997329712,0.452763766050339,0.444860309362411,1.06795072555542,0.560479462146759,0.0646413192152977,0.309988349676132
2017,Mozambique,113.0,4.55000019073486,0.480791091918945,0.322228103876114,0.870701014995575,0.234305649995804,0.179436385631561,0.106654435396194
2017,Myanmar,114.0,4.54500007629395,0.514492034912109,0.838075160980225,1.12323594093323,0.367110550403595,0.188816204667091,0.397522568702698
2017,Senegal,115.0,4.53499984741211,0.377922266721725,0.183468893170357,1.17969191074371,0.479309022426605,0.115460447967052,0.409362852573395
2017,Zambia,116.0,4.51399993896484,0.461603492498398,0.249580144882202,1.00318729877472,0.636406779289246,0.0782135501503944,0.257835894823074
2017,Iraq,117.0,4.49700021743774,0.288555532693863,0.19963726401329,0.978613197803497,1.10271048545837,0.107215754687786,0.501180469989777
2017,Gabon,118.0,4.46500015258789,0.312328577041626,0.0437853783369064,1.1556202173233,1.1982102394104,0.0760467872023582,0.356578588485718
2017,Ethiopia,119.0,4.46000003814697,0.408842742443085,0.312650740146637,0.86466920375824,0.339233845472336,0.165455713868141,0.353409707546234
2017,Sri Lanka,120.0,4.44000005722046,0.561213254928589,0.490863561630249,1.25997638702393,1.00985014438629,0.0736539661884308,0.625130832195282
2017,Armenia,121.0,4.37599992752075,0.198303267359734,0.0834880918264389,1.00748372077942,0.900596737861633,0.0266744215041399,0.637524425983429
2017,India,122.0,4.31500005722046,0.469987004995346,0.231538489460945,0.754372596740723,0.792221248149872,0.0922268852591515,0.455427616834641
2017,Mauritania,123.0,4.29199981689453,0.0960980430245399,0.201870024204254,1.2720308303833,0.648457288742065,0.136957004666328,0.285349279642105
2017,Congo (Brazzaville),124.0,4.29099988937378,0.435025870800018,0.120852127671242,0.832044363021851,0.808964252471924,0.0796181336045265,0.28995743393898
2017,Georgia,125.0,4.28599977493286,0.309410035610199,0.0540088154375553,0.57061493396759,0.950612664222717,0.251666635274887,0.649546980857849
2017,Congo (Kinshasa),126.0,4.28000020980835,0.235961347818375,0.246455833315849,1.22902345657349,0.0921023488044739,0.0602413564920425,0.191407024860382
2017,Mali,127.0,4.19000005722046,0.306613743305206,0.183354198932648,1.28147339820862,0.476180493831635,0.104970246553421,0.169365674257278
2017,Ivory Coast,128.0,4.17999982833862,0.447706192731857,0.201237469911575,0.904780030250549,0.603048920631409,0.130061775445938,0.0486421696841717
2017,Cambodia,129.0,4.16800022125244,0.633375823497772,0.385922968387604,1.00623834133148,0.601765096187592,0.0681059509515762,0.429783403873444
2017,Sudan,130.0,4.13899993896484,0.0149958552792668,0.182317450642586,1.21400856971741,0.65951669216156,0.089847519993782,0.290920823812485
2017,Ghana,131.0,4.11999988555908,0.423026293516159,0.256923943758011,0.873664736747742,0.667224824428558,0.0253363698720932,0.295637726783752
2017,Ukraine,132.0,4.09600019454956,0.122974775731564,0.270061463117599,1.39453756809235,0.89465194940567,0.0230294708162546,0.575903952121735
2017,Uganda,133.0,4.08099985122681,0.443185955286026,0.325766056776047,1.12982773780823,0.381430715322495,0.057069718837738,0.217632606625557
2017,Burkina Faso,134.0,4.03200006484985,0.324367851018906,0.250864684581757,1.04328000545502,0.3502277135849,0.120328105986118,0.215844258666039
2017,Niger,135.0,4.02799987792969,0.36365869641304,0.228673845529556,0.993025004863739,0.161925330758095,0.138572946190834,0.26850500702858
2017,Malawi,136.0,3.97000002861023,0.466914653778076,0.287170469760895,0.512568831443787,0.233442038297653,0.0727116540074348,0.315089583396912
2017,Chad,137.0,3.93600010871887,0.16234202682972,0.216113850474358,0.953855872154236,0.438012987375259,0.0535818822681904,0.0411347150802612
2017,Zimbabwe,138.0,3.875,0.336384207010269,0.189143493771553,1.08309590816498,0.375846534967422,0.0953753814101219,0.196763753890991
2017,Lesotho,139.0,3.80800008773804,0.390661299228668,0.157497271895409,1.19009518623352,0.521021246910095,0.119094640016556,0.0
2017,Angola,140.0,3.79500007629395,0.0,0.097926490008831,1.10441195964813,0.858428180217743,0.0697203353047371,0.0498686656355858
2017,Afghanistan,141.0,3.79399991035461,0.106179520487785,0.311870932579041,0.581543326377869,0.401477217674255,0.0611578300595284,0.180746778845787
2017,Botswana,142.0,3.76600003242493,0.505196332931519,0.0993484482169151,1.22155499458313,1.12209415435791,0.0985831990838051,0.341755509376526
2017,Benin,143.0,3.65700006484985,0.425962775945663,0.207948461174965,0.435299843549728,0.431085407733917,0.0609290152788162,0.209930211305618
2017,Madagascar,144.0,3.64400005340576,0.189196765422821,0.208732530474663,0.913020372390747,0.305808693170547,0.0672319754958153,0.375223308801651
2017,Haiti,145.0,3.6029999256134,0.0303698573261499,0.489203780889511,0.640449821949005,0.368610262870789,0.0998721495270729,0.277321130037308
2017,Yemen,146.0,3.59299993515015,0.249463722109795,0.104125209152699,0.93538224697113,0.591683447360992,0.0567674227058887,0.310080915689468
2017,South Sudan,147.0,3.59100008010864,0.147062435746193,0.285670816898346,0.601323127746582,0.39724862575531,0.116793513298035,0.163486003875732
2017,Liberia,148.0,3.53299999237061,0.332881182432175,0.26654988527298,0.872117936611176,0.119041793048382,0.0389482490718365,0.229918196797371
2017,Guinea,149.0,3.50699996948242,0.348587512969971,0.264815092086792,0.791244685649872,0.244549930095673,0.110937617719173,0.194129139184952
2017,Togo,150.0,3.49499988555908,0.38042613863945,0.196896150708199,0.431882530450821,0.305444717407227,0.0956650152802467,0.247105568647385
2017,Rwanda,151.0,3.47099995613098,0.581843852996826,0.252756029367447,0.945707023143768,0.368745893239975,0.455220013856888,0.326424807310104
2017,Syria,152.0,3.46199989318848,0.0815394446253777,0.493663728237152,0.396102607250214,0.777153134346008,0.151347130537033,0.50053334236145
2017,Tanzania,153.0,3.34899997711182,0.390017777681351,0.354256361722946,1.04198980331421,0.511135876178741,0.0660351067781448,0.364509284496307
2017,Burundi,154.0,2.90499997138977,0.0599007532000542,0.204435184597969,0.629793584346771,0.091622568666935,0.0841479450464249,0.151610791683197
2017,Central African Republic,155.0,2.69300007820129,0.270842045545578,0.280876487493515,0.0,0.0,0.0565650761127472,0.0187726859003305
2018,Finland,1.0,7.632,0.681,0.202,1.592,1.305,0.393,0.874
2018,Norway,2.0,7.594,0.686,0.286,1.582,1.456,0.34,0.861
2018,Denmark,3.0,7.555,0.683,0.284,1.59,1.351,0.408,0.868
2018,Iceland,4.0,7.495,0.677,0.353,1.644,1.343,0.138,0.914
2018,Switzerland,5.0,7.487,0.66,0.256,1.549,1.42,0.357,0.927
2018,Netherlands,6.0,7.441,0.638,0.333,1.488,1.361,0.295,0.878
2018,Canada,7.0,7.328,0.653,0.321,1.532,1.33,0.291,0.896
2018,New Zealand,8.0,7.324,0.669,0.365,1.601,1.268,0.389,0.876
2018,Sweden,9.0,7.314,0.659,0.285,1.501,1.355,0.383,0.913
2018,Australia,10.0,7.272,0.647,0.361,1.573,1.34,0.302,0.91
2018,United Kingdom,11.0,7.19,0.464,0.262,1.433,1.244,0.082,0.888
2018,Austria,12.0,7.139,0.617,0.242,1.504,1.341,0.224,0.891
2018,Costa Rica,13.0,7.072,0.632,0.143,1.459,1.01,0.101,0.817
2018,Ireland,14.0,6.977,0.614,0.307,1.583,1.448,0.306,0.876
2018,Germany,15.0,6.965,0.586,0.273,1.474,1.34,0.28,0.861
2018,Belgium,16.0,6.927,0.583,0.188,1.483,1.324,0.24,0.894
2018,Luxembourg,17.0,6.91,0.632,0.196,1.52,1.576,0.321,0.896
2018,United States,18.0,6.886,0.547,0.291,1.471,1.398,0.133,0.819
2018,Israel,19.0,6.814,0.533,0.354,1.559,1.301,0.272,0.883
2018,United Arab Emirates,20.0,6.774,0.284,0.186,0.776,2.096,,0.67
2018,Czech Republic,21.0,6.711,0.543,0.064,1.489,1.233,0.034,0.854
2018,Malta,22.0,6.627,0.645,0.376,1.525,1.27,0.142,0.884
2018,France,23.0,6.489,0.52,0.098,1.466,1.293,0.176,0.908
2018,Mexico,24.0,6.488,0.479,0.069,1.252,1.038,0.095,0.761
2018,Chile,25.0,6.476,0.431,0.197,1.331,1.131,0.061,0.808
2018,Taiwan,26.0,6.441,0.418,0.151,1.436,1.365,0.078,0.857
2018,Panama,27.0,6.43,0.597,0.125,1.438,1.112,0.063,0.759
2018,Brazil,28.0,6.419,0.493,0.11,1.474,0.986,0.088,0.675
2018,Argentina,29.0,6.388,0.57,0.062,1.468,1.073,0.054,0.744
2018,Guatemala,30.0,6.382,0.604,0.179,1.268,0.781,0.071,0.608
2018,Uruguay,31.0,6.379,0.625,0.13,1.459,1.093,0.155,0.771
2018,Qatar,32.0,6.374,0.654,0.256,1.303,1.649,0.171,0.748
2018,Saudi Arabia,33.0,6.371,0.509,0.098,1.331,1.379,0.127,0.633
2018,Singapore,34.0,6.343,0.631,0.261,1.451,1.529,0.457,1.008
2018,Malaysia,35.0,6.322,0.356,0.311,1.258,1.161,0.059,0.669
2018,Spain,36.0,6.31,0.449,0.142,1.538,1.251,0.074,0.965
2018,Colombia,37.0,6.26,0.531,0.099,1.439,0.96,0.039,0.635
2018,Trinidad & Tobago,38.0,6.192,0.575,0.171,1.492,1.223,0.019,0.564
2018,Slovakia,39.0,6.173,0.354,0.118,1.537,1.21,0.014,0.776
2018,El Salvador,40.0,6.167,0.461,0.065,1.231,0.806,0.082,0.639
2018,Nicaragua,41.0,6.141,0.527,0.208,1.319,0.668,0.128,0.7
2018,Poland,42.0,6.123,0.546,0.108,1.448,1.176,0.064,0.781
2018,Bahrain,43.0,6.105,0.594,0.243,1.366,1.338,0.123,0.698
2018,Uzbekistan,44.0,6.096,0.724,0.328,1.584,0.719,0.259,0.605
2018,Kuwait,45.0,6.083,0.554,0.167,1.301,1.474,0.106,0.675
2018,Thailand,46.0,6.072,0.637,0.364,1.417,1.016,0.029,0.707
2018,Italy,47.0,6.0,0.281,0.137,1.501,1.264,0.028,0.946
2018,Ecuador,48.0,5.973,0.556,0.114,1.33,0.889,0.12,0.736
2018,Belize,49.0,5.956,0.593,0.183,1.101,0.807,0.089,0.474
2018,Lithuania,50.0,5.952,0.35,0.026,1.527,1.197,0.006,0.716
2018,Slovenia,51.0,5.948,0.633,0.16,1.506,1.219,0.051,0.856
2018,Romania,52.0,5.945,0.528,0.088,1.219,1.116,0.001,0.726
2018,Latvia,53.0,5.933,0.363,0.092,1.454,1.148,0.066,0.671
2018,Japan,54.0,5.915,0.553,0.079,1.462,1.294,0.15,0.988
2018,Mauritius,55.0,5.891,0.584,0.245,1.387,1.09,0.05,0.684
2018,Jamaica,56.0,5.89,0.575,0.096,1.493,0.819,0.031,0.693
2018,South Korea,57.0,5.875,0.244,0.175,1.204,1.266,0.051,0.955
2018,Northern Cyprus,58.0,5.835,0.495,0.179,1.211,1.229,0.154,0.909
2018,Russia,59.0,5.81,0.399,0.065,1.479,1.151,0.025,0.599
2018,Kazakhstan,60.0,5.79,0.454,0.148,1.516,1.143,0.121,0.631
2018,Cyprus,61.0,5.762,0.423,0.202,1.191,1.229,0.035,0.909
2018,Bolivia,62.0,5.752,0.606,0.141,1.223,0.751,0.054,0.508
2018,Estonia,63.0,5.739,0.553,0.086,1.532,1.2,0.174,0.737
2018,Paraguay,64.0,5.681,0.541,0.162,1.522,0.835,0.074,0.615
2018,Peru,65.0,5.663,0.53,0.092,1.249,0.934,0.034,0.674
2018,Kosovo,66.0,5.662,0.448,0.274,1.23,0.855,0.023,0.578
2018,Moldova,67.0,5.64,0.232,0.171,1.301,0.657,0.0,0.62
2018,Turkmenistan,68.0,5.636,0.417,0.199,1.533,1.016,0.037,0.517
2018,Hungary,69.0,5.62,0.259,0.061,1.401,1.171,0.022,0.732
2018,Libya,70.0,5.566,0.496,0.116,1.35,0.985,0.148,0.553
2018,Philippines,71.0,5.524,0.643,0.12,1.312,0.775,0.105,0.513
2018,Honduras,72.0,5.504,0.459,0.197,1.205,0.62,0.074,0.622
2018,Belarus,73.0,5.483,0.307,0.101,1.498,1.039,0.154,0.7
2018,Turkey,74.0,5.483,0.324,0.106,1.38,1.148,0.109,0.686
2018,Pakistan,75.0,5.472,0.334,0.216,0.81,0.652,0.113,0.424
2018,Hong Kong,76.0,5.43,0.524,0.246,1.29,1.405,0.291,1.03
2018,Portugal,77.0,5.41,0.562,0.055,1.429,1.188,0.017,0.884
2018,Serbia,78.0,5.398,0.288,0.134,1.369,0.975,0.043,0.685
2018,Greece,79.0,5.358,0.131,0.0,1.202,1.154,0.044,0.879
2018,Lebanon,80.0,5.358,0.503,0.214,1.179,0.965,0.136,0.785
2018,Montenegro,81.0,5.347,0.259,0.111,1.279,1.017,0.081,0.729
2018,Croatia,82.0,5.321,0.38,0.12,1.161,1.115,0.039,0.737
2018,Dominican Republic,83.0,5.302,0.578,0.12,1.441,0.982,0.106,0.614
2018,Algeria,84.0,5.295,0.077,0.055,1.154,0.979,0.135,0.687
2018,Morocco,85.0,5.254,0.46,0.026,0.797,0.779,0.074,0.669
2018,China,86.0,5.246,0.597,0.029,1.142,0.989,0.103,0.799
2018,Azerbaijan,87.0,5.201,0.43,0.031,1.161,1.024,0.176,0.603
2018,Tajikistan,88.0,5.199,0.292,0.187,1.166,0.474,0.034,0.598
2018,Macedonia,89.0,5.185,0.394,0.173,1.239,0.959,0.052,0.691
2018,Jordan,90.0,5.161,0.468,0.13,1.265,0.822,0.134,0.645
2018,Nigeria,91.0,5.155,0.462,0.201,1.172,0.689,0.032,0.048
2018,Kyrgyzstan,92.0,5.131,0.54,0.281,1.416,0.53,0.035,0.594
2018,Bosnia and Herzegovina,93.0,5.129,0.28,0.216,1.078,0.915,0.0,0.758
2018,Mongolia,94.0,5.125,0.395,0.253,1.517,0.914,0.032,0.575
2018,Vietnam,95.0,5.103,0.618,0.177,1.365,0.715,0.079,0.702
2018,Indonesia,96.0,5.093,0.538,0.484,1.215,0.899,0.018,0.522
2018,Bhutan,97.0,5.082,0.541,0.364,1.335,0.796,0.171,0.527
2018,Somalia,98.0,4.982,0.674,0.238,0.712,0.0,0.282,0.115
2018,Cameroon,99.0,4.975,0.454,0.183,0.891,0.535,0.043,0.182
2018,Bulgaria,100.0,4.933,0.359,0.064,1.515,1.054,0.009,0.712
2018,Nepal,101.0,4.88,0.526,0.302,1.228,0.425,0.078,0.539
2018,Venezuela,102.0,4.806,0.133,0.056,1.469,0.996,0.052,0.657
2018,Gabon,103.0,4.758,0.356,0.032,1.164,1.036,0.052,0.404
2018,Palestinian Territories,104.0,4.743,0.266,0.086,1.217,0.642,0.076,0.602
2018,South Africa,105.0,4.724,0.516,0.103,1.41,0.94,0.056,0.33
2018,Iran,106.0,4.707,0.459,0.282,0.771,1.059,0.129,0.691
2018,Ivory Coast,107.0,4.671,0.467,0.146,0.872,0.541,0.103,0.08
2018,Ghana,108.0,4.657,0.499,0.212,0.896,0.592,0.029,0.337
2018,Senegal,109.0,4.631,0.406,0.138,1.117,0.429,0.082,0.433
2018,Laos,110.0,4.623,0.626,0.23,1.034,0.72,0.174,0.441
2018,Tunisia,111.0,4.592,0.271,0.04,0.906,0.9,0.063,0.69
2018,Albania,112.0,4.586,0.419,0.149,0.817,0.916,0.032,0.79
2018,Sierra Leone,113.0,4.571,0.355,0.238,0.813,0.256,0.053,0.0
2018,Congo (Brazzaville),114.0,4.559,0.514,0.091,0.811,0.682,0.077,0.343
2018,Bangladesh,115.0,4.5,0.58,0.153,0.85,0.532,0.144,0.579
2018,Sri Lanka,116.0,4.471,0.585,0.307,1.314,0.918,0.05,0.672
2018,Iraq,117.0,4.456,0.304,0.148,0.971,1.01,0.095,0.536
2018,Mali,118.0,4.447,0.367,0.139,1.233,0.37,0.056,0.152
2018,Namibia,119.0,4.441,0.519,0.051,1.281,0.874,0.064,0.365
2018,Cambodia,120.0,4.433,0.696,0.256,1.088,0.549,0.065,0.457
2018,Burkina Faso,121.0,4.424,0.312,0.175,1.097,0.314,0.128,0.254
2018,Egypt,122.0,4.419,0.312,0.092,1.025,0.885,0.107,0.553
2018,Mozambique,123.0,4.417,0.531,0.206,0.902,0.198,0.158,0.173
2018,Kenya,124.0,4.41,0.504,0.352,1.048,0.493,0.055,0.454
2018,Zambia,125.0,4.377,0.503,0.221,1.047,0.562,0.082,0.295
2018,Mauritania,126.0,4.356,0.129,0.134,1.245,0.557,0.093,0.292
2018,Ethiopia,127.0,4.35,0.452,0.22,0.95,0.308,0.146,0.391
2018,Georgia,128.0,4.34,0.375,0.038,0.592,0.853,0.215,0.643
2018,Armenia,129.0,4.321,0.26,0.077,0.99,0.816,0.028,0.666
2018,Myanmar,130.0,4.308,0.58,0.598,1.174,0.682,0.178,0.429
2018,Chad,131.0,4.301,0.189,0.181,0.907,0.358,0.06,0.053
2018,Congo (Kinshasa),132.0,4.245,0.312,0.197,1.136,0.069,0.052,0.204
2018,India,133.0,4.19,0.539,0.172,0.747,0.721,0.093,0.485
2018,Niger,134.0,4.166,0.39,0.175,0.867,0.131,0.099,0.221
2018,Uganda,135.0,4.161,0.45,0.259,1.09,0.322,0.061,0.237
2018,Benin,136.0,4.141,0.44,0.163,0.372,0.378,0.067,0.24
2018,Sudan,137.0,4.139,0.016,0.134,1.24,0.605,0.082,0.312
2018,Ukraine,138.0,4.103,0.163,0.187,1.413,0.793,0.011,0.609
2018,Togo,139.0,3.999,0.434,0.158,0.474,0.259,0.101,0.253
2018,Guinea,140.0,3.964,0.394,0.185,0.792,0.344,0.094,0.211
2018,Lesotho,141.0,3.808,0.423,0.116,1.215,0.472,0.112,0.079
2018,Angola,142.0,3.795,0.0,0.079,1.125,0.73,0.061,0.269
2018,Madagascar,143.0,3.774,0.221,0.155,0.908,0.262,0.049,0.402
2018,Zimbabwe,144.0,3.692,0.406,0.132,1.094,0.357,0.099,0.248
2018,Afghanistan,145.0,3.632,0.085,0.191,0.537,0.332,0.036,0.255
2018,Botswana,146.0,3.59,0.557,0.042,1.174,1.017,0.092,0.417
2018,Malawi,147.0,3.587,0.531,0.21,0.541,0.186,0.08,0.306
2018,Haiti,148.0,3.582,0.025,0.392,0.714,0.315,0.104,0.289
2018,Liberia,149.0,3.495,0.419,0.206,0.858,0.076,0.03,0.267
2018,Syria,150.0,3.462,0.088,0.376,0.382,0.689,0.144,0.539
2018,Rwanda,151.0,3.408,0.636,0.2,0.896,0.332,0.444,0.4
2018,Yemen,152.0,3.355,0.244,0.083,1.073,0.442,0.064,0.343
2018,Tanzania,153.0,3.303,0.481,0.27,0.991,0.455,0.097,0.381
2018,South Sudan,154.0,3.254,0.112,0.224,0.608,0.337,0.106,0.177
2018,Central African Republic,155.0,3.083,0.305,0.218,0.0,0.024,0.038,0.01
2018,Burundi,156.0,2.905,0.065,0.149,0.627,0.091,0.076,0.145
2019,Finland,1.0,7.769,0.596,0.153,1.587,1.34,0.393,0.986
2019,Denmark,2.0,7.6,0.592,0.252,1.573,1.383,0.41,0.996
2019,Norway,3.0,7.554,0.603,0.271,1.582,1.488,0.341,1.028
2019,Iceland,4.0,7.494,0.591,0.354,1.624,1.38,0.118,1.026
2019,Netherlands,5.0,7.488,0.557,0.322,1.522,1.396,0.298,0.999
2019,Switzerland,6.0,7.48,0.572,0.263,1.526,1.452,0.343,1.052
2019,Sweden,7.0,7.343,0.574,0.267,1.487,1.387,0.373,1.009
2019,New Zealand,8.0,7.307,0.585,0.33,1.557,1.303,0.38,1.026
2019,Canada,9.0,7.278,0.584,0.285,1.505,1.365,0.308,1.039
2019,Austria,10.0,7.246,0.532,0.244,1.475,1.376,0.226,1.016
2019,Australia,11.0,7.228,0.557,0.332,1.548,1.372,0.29,1.036
2019,Costa Rica,12.0,7.167,0.558,0.144,1.441,1.034,0.093,0.963
2019,Israel,13.0,7.139,0.371,0.261,1.455,1.276,0.082,1.029
2019,Luxembourg,14.0,7.09,0.526,0.194,1.479,1.609,0.316,1.012
2019,United Kingdom,15.0,7.054,0.45,0.348,1.538,1.333,0.278,0.996
2019,Ireland,16.0,7.021,0.516,0.298,1.553,1.499,0.31,0.999
2019,Germany,17.0,6.985,0.495,0.261,1.454,1.373,0.265,0.987
2019,Belgium,18.0,6.923,0.473,0.16,1.504,1.356,0.21,0.986
2019,United States,19.0,6.892,0.454,0.28,1.457,1.433,0.128,0.874
2019,Czech Republic,20.0,6.852,0.457,0.046,1.487,1.269,0.036,0.92
2019,United Arab Emirates,21.0,6.825,0.598,0.262,1.31,1.503,0.182,0.825
2019,Malta,22.0,6.726,0.564,0.375,1.52,1.3,0.151,0.999
2019,Mexico,23.0,6.595,0.433,0.074,1.323,1.07,0.073,0.861
2019,France,24.0,6.592,0.436,0.111,1.472,1.324,0.183,1.045
2019,Taiwan,25.0,6.446,0.351,0.242,1.43,1.368,0.097,0.914
2019,Chile,26.0,6.444,0.357,0.187,1.369,1.159,0.056,0.92
2019,Guatemala,27.0,6.436,0.535,0.175,1.269,0.8,0.078,0.746
2019,Saudi Arabia,28.0,6.375,0.439,0.08,1.357,1.403,0.132,0.795
2019,Qatar,29.0,6.374,0.555,0.22,1.313,1.684,0.167,0.871
2019,Spain,30.0,6.354,0.362,0.153,1.484,1.286,0.079,1.062
2019,Panama,31.0,6.321,0.516,0.109,1.442,1.149,0.054,0.91
2019,Brazil,32.0,6.3,0.39,0.099,1.439,1.004,0.086,0.802
2019,Uruguay,33.0,6.293,0.523,0.127,1.465,1.124,0.15,0.891
2019,Singapore,34.0,6.262,0.556,0.271,1.463,1.572,0.453,1.141
2019,El Salvador,35.0,6.253,0.43,0.093,1.242,0.794,0.074,0.789
2019,Italy,36.0,6.223,0.231,0.158,1.488,1.294,0.03,1.039
2019,Bahrain,37.0,6.199,0.536,0.255,1.368,1.362,0.11,0.871
2019,Slovakia,38.0,6.198,0.334,0.121,1.504,1.246,0.014,0.881
2019,Trinidad & Tobago,39.0,6.192,0.489,0.185,1.477,1.231,0.016,0.713
2019,Poland,40.0,6.182,0.483,0.117,1.438,1.206,0.05,0.884
2019,Uzbekistan,41.0,6.174,0.631,0.322,1.529,0.745,0.24,0.756
2019,Lithuania,42.0,6.149,0.291,0.043,1.515,1.238,0.042,0.818
2019,Colombia,43.0,6.125,0.47,0.099,1.41,0.985,0.034,0.841
2019,Slovenia,44.0,6.118,0.564,0.144,1.523,1.258,0.057,0.953
2019,Nicaragua,45.0,6.105,0.435,0.2,1.325,0.694,0.127,0.835
2019,Kosovo,46.0,6.1,0.489,0.262,1.232,0.882,0.006,0.758
2019,Argentina,47.0,6.086,0.471,0.066,1.432,1.092,0.05,0.881
2019,Romania,48.0,6.07,0.462,0.083,1.232,1.162,0.005,0.825
2019,Cyprus,49.0,6.046,0.406,0.19,1.223,1.263,0.041,1.042
2019,Ecuador,50.0,6.028,0.498,0.126,1.312,0.912,0.087,0.868
2019,Kuwait,51.0,6.021,0.493,0.142,1.319,1.5,0.097,0.808
2019,Thailand,52.0,6.008,0.557,0.359,1.409,1.05,0.028,0.828
2019,Latvia,53.0,5.94,0.264,0.075,1.465,1.187,0.064,0.812
2019,South Korea,54.0,5.895,0.159,0.175,1.219,1.301,0.056,1.036
2019,Estonia,55.0,5.893,0.495,0.103,1.528,1.237,0.161,0.874
2019,Jamaica,56.0,5.89,0.49,0.107,1.478,0.831,0.028,0.831
2019,Mauritius,57.0,5.888,0.498,0.215,1.402,1.12,0.06,0.798
2019,Japan,58.0,5.886,0.445,0.069,1.419,1.327,0.14,1.088
2019,Honduras,59.0,5.86,0.507,0.246,1.236,0.642,0.078,0.828
2019,Kazakhstan,60.0,5.809,0.41,0.146,1.508,1.173,0.096,0.729
2019,Bolivia,61.0,5.779,0.511,0.137,1.209,0.776,0.064,0.706
2019,Hungary,62.0,5.758,0.199,0.081,1.41,1.201,0.02,0.828
2019,Paraguay,63.0,5.743,0.514,0.184,1.475,0.855,0.08,0.777
2019,Northern Cyprus,64.0,5.718,0.417,0.191,1.252,1.263,0.162,1.042
2019,Peru,65.0,5.697,0.455,0.083,1.274,0.96,0.027,0.854
2019,Portugal,66.0,5.693,0.508,0.047,1.431,1.221,0.025,0.999
2019,Pakistan,67.0,5.653,0.313,0.22,0.886,0.677,0.098,0.535
2019,Russia,68.0,5.648,0.334,0.082,1.452,1.183,0.031,0.726
2019,Philippines,69.0,5.631,0.558,0.117,1.293,0.807,0.107,0.657
2019,Serbia,70.0,5.603,0.282,0.137,1.383,1.004,0.039,0.854
2019,Moldova,71.0,5.529,0.245,0.181,1.328,0.685,0.0,0.739
2019,Libya,72.0,5.525,0.416,0.133,1.303,1.044,0.152,0.673
2019,Montenegro,73.0,5.523,0.197,0.142,1.361,1.051,0.08,0.871
2019,Tajikistan,74.0,5.467,0.389,0.23,1.098,0.493,0.144,0.718
2019,Croatia,75.0,5.432,0.296,0.119,1.266,1.155,0.022,0.914
2019,Hong Kong,76.0,5.43,0.44,0.258,1.277,1.438,0.287,1.122
2019,Dominican Republic,77.0,5.425,0.497,0.113,1.401,1.015,0.101,0.779
2019,Bosnia and Herzegovina,78.0,5.386,0.212,0.263,1.212,0.945,0.006,0.845
2019,Turkey,79.0,5.373,0.195,0.083,1.36,1.183,0.106,0.808
2019,Malaysia,80.0,5.339,0.508,0.26,1.171,1.221,0.024,0.828
2019,Belarus,81.0,5.323,0.235,0.094,1.465,1.067,0.142,0.789
2019,Greece,82.0,5.287,0.067,0.0,1.156,1.181,0.034,0.999
2019,Mongolia,83.0,5.285,0.317,0.235,1.531,0.948,0.038,0.667
2019,North Macedonia,84.0,5.274,0.345,0.185,1.294,0.983,0.034,0.838
2019,Nigeria,85.0,5.265,0.426,0.215,1.111,0.696,0.041,0.245
2019,Kyrgyzstan,86.0,5.261,0.508,0.3,1.438,0.551,0.023,0.723
2019,Turkmenistan,87.0,5.247,0.394,0.244,1.538,1.052,0.028,0.657
2019,Algeria,88.0,5.211,0.086,0.073,1.16,1.002,0.114,0.785
2019,Morocco,89.0,5.208,0.418,0.036,0.782,0.801,0.076,0.782
2019,Azerbaijan,90.0,5.208,0.351,0.035,1.147,1.043,0.182,0.769
2019,Lebanon,91.0,5.197,0.216,0.166,1.224,0.987,0.027,0.815
2019,Indonesia,92.0,5.192,0.491,0.498,1.203,0.931,0.028,0.66
2019,China,93.0,5.191,0.521,0.058,1.125,1.029,0.1,0.893
2019,Vietnam,94.0,5.175,0.543,0.147,1.346,0.741,0.073,0.851
2019,Bhutan,95.0,5.082,0.457,0.37,1.321,0.813,0.167,0.604
2019,Cameroon,96.0,5.044,0.381,0.187,0.91,0.549,0.037,0.331
2019,Bulgaria,97.0,5.011,0.311,0.081,1.513,1.092,0.004,0.815
2019,Ghana,98.0,4.996,0.381,0.245,0.868,0.611,0.04,0.486
2019,Ivory Coast,99.0,4.944,0.352,0.154,0.808,0.569,0.09,0.232
2019,Nepal,100.0,4.913,0.439,0.285,1.226,0.446,0.089,0.677
2019,Jordan,101.0,4.906,0.383,0.11,1.225,0.837,0.13,0.815
2019,Benin,102.0,4.883,0.349,0.175,0.437,0.393,0.082,0.397
2019,Congo (Brazzaville),103.0,4.812,0.372,0.105,0.799,0.673,0.093,0.508
2019,Gabon,104.0,4.799,0.295,0.043,1.183,1.057,0.055,0.571
2019,Laos,105.0,4.796,0.547,0.266,1.03,0.764,0.164,0.551
2019,South Africa,106.0,4.722,0.389,0.13,1.351,0.96,0.055,0.469
2019,Albania,107.0,4.719,0.383,0.178,0.848,0.947,0.027,0.874
2019,Venezuela,108.0,4.707,0.154,0.064,1.427,0.96,0.047,0.805
2019,Cambodia,109.0,4.7,0.609,0.232,1.122,0.574,0.062,0.637
2019,Palestinian Territories,110.0,4.696,0.225,0.103,1.247,0.657,0.066,0.672
2019,Senegal,111.0,4.681,0.292,0.153,1.134,0.45,0.072,0.571
2019,Somalia,112.0,4.668,0.559,0.243,0.698,0.0,0.27,0.268
2019,Namibia,113.0,4.639,0.401,0.07,1.313,0.879,0.056,0.477
2019,Niger,114.0,4.628,0.318,0.188,0.774,0.138,0.102,0.366
2019,Burkina Faso,115.0,4.587,0.255,0.177,1.056,0.331,0.113,0.38
2019,Armenia,116.0,4.559,0.283,0.095,1.055,0.85,0.064,0.815
2019,Iran,117.0,4.548,0.305,0.27,0.842,1.1,0.125,0.785
2019,Guinea,118.0,4.534,0.332,0.207,0.829,0.38,0.086,0.375
2019,Georgia,119.0,4.519,0.346,0.043,0.666,0.886,0.164,0.752
2019,Gambia,120.0,4.516,0.382,0.269,0.939,0.308,0.167,0.428
2019,Kenya,121.0,4.509,0.431,0.372,0.983,0.512,0.053,0.581
2019,Mauritania,122.0,4.49,0.066,0.106,1.167,0.57,0.088,0.489
2019,Mozambique,123.0,4.466,0.494,0.197,0.986,0.204,0.138,0.39
2019,Tunisia,124.0,4.461,0.167,0.059,1.0,0.921,0.055,0.815
2019,Bangladesh,125.0,4.456,0.527,0.166,0.928,0.562,0.143,0.723
2019,Iraq,126.0,4.437,0.241,0.148,0.98,1.043,0.089,0.574
2019,Congo (Kinshasa),127.0,4.418,0.269,0.212,1.125,0.094,0.053,0.357
2019,Mali,128.0,4.39,0.327,0.153,1.105,0.385,0.052,0.308
2019,Sierra Leone,129.0,4.374,0.309,0.252,0.841,0.268,0.045,0.242
2019,Sri Lanka,130.0,4.366,0.47,0.244,1.265,0.949,0.047,0.831
2019,Myanmar,131.0,4.36,0.525,0.566,1.181,0.71,0.172,0.555
2019,Chad,132.0,4.35,0.174,0.198,0.766,0.35,0.078,0.192
2019,Ukraine,133.0,4.332,0.178,0.187,1.39,0.82,0.01,0.739
2019,Ethiopia,134.0,4.286,0.344,0.209,1.033,0.336,0.1,0.532
2019,Swaziland,135.0,4.212,0.313,0.074,1.149,0.811,0.135,0.0
2019,Uganda,136.0,4.189,0.356,0.252,1.069,0.332,0.06,0.443
2019,Egypt,137.0,4.166,0.241,0.076,1.039,0.913,0.067,0.644
2019,Zambia,138.0,4.107,0.431,0.247,1.058,0.578,0.087,0.426
2019,Togo,139.0,4.085,0.293,0.177,0.572,0.275,0.085,0.41
2019,India,140.0,4.015,0.498,0.2,0.765,0.755,0.085,0.588
2019,Liberia,141.0,3.975,0.37,0.233,0.922,0.073,0.033,0.443
2019,Comoros,142.0,3.973,0.142,0.275,0.757,0.274,0.078,0.505
2019,Madagascar,143.0,3.933,0.148,0.169,0.916,0.274,0.041,0.555
2019,Lesotho,144.0,3.802,0.359,0.107,1.169,0.489,0.093,0.168
2019,Burundi,145.0,3.775,0.22,0.176,0.447,0.046,0.18,0.38
2019,Zimbabwe,146.0,3.663,0.361,0.151,1.114,0.366,0.089,0.433
2019,Haiti,147.0,3.597,0.026,0.419,0.688,0.323,0.11,0.449
2019,Botswana,148.0,3.488,0.455,0.025,1.145,1.041,0.1,0.538
2019,Syria,149.0,3.462,0.013,0.331,0.378,0.619,0.141,0.44
2019,Malawi,150.0,3.41,0.443,0.218,0.56,0.191,0.089,0.495
2019,Yemen,151.0,3.38,0.143,0.108,1.163,0.287,0.077,0.463
2019,Rwanda,152.0,3.334,0.555,0.217,0.711,0.359,0.411,0.614
2019,Tanzania,153.0,3.231,0.417,0.276,0.885,0.476,0.147,0.499
2019,Afghanistan,154.0,3.203,0.0,0.158,0.517,0.35,0.025,0.361
2019,Central African Republic,155.0,3.083,0.225,0.235,0.0,0.026,0.035,0.105
2019,South Sudan,156.0,2.853,0.01,0.202,0.575,0.306,0.091,0.295
